<?xml version="1.0" encoding="UTF-8"?>
<project-private xmlns="http://www.netbeans.org/ns/project-private/1">
    <editor-bookmarks xmlns="http://www.netbeans.org/ns/editor-bookmarks/2" lastBookmarkId="0"/>
    <open-files xmlns="http://www.netbeans.org/ns/projectui-open-files/2">
        <group>
            <file>file:/C:/Users/Dell/Documents/NetBeansProjects/University/src/view/IT_Faculity.java</file>
            <file>file:/C:/Users/Dell/Documents/NetBeansProjects/University/src/view/low.java</file>
            <file>file:/C:/Users/Dell/Documents/NetBeansProjects/University/src/view/man.java</file>
            <file>file:/C:/Users/Dell/Documents/NetBeansProjects/University/src/view/Home.java</file>
            <file>file:/C:/Users/Dell/Documents/NetBeansProjects/University/src/view/Login.java</file>
            <file>file:/C:/Users/Dell/Documents/NetBeansProjects/University/src/view/select.java</file>
        </group>
    </open-files>
</project-private>
